label,x0,y0,x1,y1,x2,y2,x3,y3,x4,y4,x5,y5,x6,y6,x7,y7,x8,y8,x9,y9,x10,y10,x11,y11,x12,y12,x13,y13,x14,y14,x15,y15,x16,y16,x17,y17,x18,y18,x19,y19,x20,y20
Open,0.532555878162384,0.788343071937561,0.4419243037700653,0.7730567455291748,0.357671320438385,0.7108361721038818,0.29844099283218384,0.655721127986908,0.24731434881687164,0.6163300275802612,0.3913298547267914,0.5427208542823792,0.34089773893356323,0.4300801753997803,0.3120552897453308,0.35890281200408936,0.2921404242515564,0.2941068410873413,0.4410538971424103,0.5090305805206299,0.40966930985450745,0.3671644628047943,0.3876010477542877,0.27462533116340637,0.37036406993865967,0.19611498713493347,0.4918578565120697,0.504751980304718,0.4815276861190796,0.36951905488967896,0.47105643153190613,0.2842833399772644,0.4596254527568817,0.2095375955104828,0.5436689853668213,0.5240021347999573,0.5619546175003052,0.4217585623264313,0.5724451541900635,0.35033705830574036,0.5788514614105225,0.2845078408718109
Open,0.5477182865142822,0.8034838438034058,0.4573062062263489,0.7858166694641113,0.37314528226852417,0.7300398349761963,0.3109450936317444,0.6802639365196228,0.2590998411178589,0.642656147480011,0.4041890799999237,0.5582974553108215,0.35749873518943787,0.4410451054573059,0.33068981766700745,0.3660762310028076,0.3111109733581543,0.29931625723838806,0.4524615705013275,0.5273241400718689,0.42397361993789673,0.378812313079834,0.4033065438270569,0.28388434648513794,0.3861948847770691,0.20499733090400696,0.5032610297203064,0.5229406356811523,0.4905073940753937,0.38539591431617737,0.47778576612472534,0.2972660958766937,0.4646894931793213,0.22169652581214905,0.5570024251937866,0.5410904288291931,0.5703760385513306,0.4342380464076996,0.5784903168678284,0.3610231876373291,0.5829240083694458,0.2950521409511566
Open,0.5561726093292236,0.8041499853134155,0.4678668975830078,0.7843684554100037,0.38505956530570984,0.7262567281723022,0.32298874855041504,0.6802221536636353,0.2723652124404907,0.6459965705871582,0.4203570783138275,0.5563976764678955,0.3743504285812378,0.4425237476825714,0.34527987241744995,0.3703513443470001,0.3230994939804077,0.30598920583724976,0.4670024812221527,0.5256032943725586,0.4354318678379059,0.3807018995285034,0.41283032298088074,0.28626009821891785,0.39456707239151,0.20788094401359558,0.5167145133018494,0.5218148827552795,0.5010939836502075,0.3853992521762848,0.4881451725959778,0.29915326833724976,0.4746125638484955,0.22548934817314148,0.5688951015472412,0.5404232740402222,0.582575798034668,0.4374593496322632,0.5909045934677124,0.36481380462646484,0.5959852933883667,0.2988308370113373
Open,0.37933042645454407,0.7779808640480042,0.4548737406730652,0.739271879196167,0.5120178461074829,0.6569616794586182,0.5453876256942749,0.5863552689552307,0.5766873359680176,0.5354025959968567,0.462710976600647,0.5289402604103088,0.49623903632164,0.4259660542011261,0.5130016803741455,0.35913151502609253,0.5242948532104492,0.3013730049133301,0.4186859726905823,0.5082994699478149,0.4358287453651428,0.3807300925254822,0.44698306918144226,0.2971919775009155,0.4514767825603485,0.2294427454471588,0.37735438346862793,0.5163382887840271,0.3643711507320404,0.39873769879341125,0.3626720607280731,0.3178865909576416,0.3620038628578186,0.24941527843475342,0.3391087055206299,0.548668384552002,0.3046634793281555,0.4660286605358124,0.28381913900375366,0.40513986349105835,0.2677561044692993,0.34754103422164917
Open,0.37078505754470825,0.783581554889679,0.4436863660812378,0.7410274744033813,0.4981642961502075,0.6593273282051086,0.5303645133972168,0.5881592631340027,0.5608315467834473,0.5353274941444397,0.4501502513885498,0.5368885397911072,0.4832526445388794,0.4324694275856018,0.4993213713169098,0.36634498834609985,0.5102092027664185,0.30910518765449524,0.40636125206947327,0.5167655348777771,0.42194056510925293,0.38763201236724854,0.4315996468067169,0.3032146394252777,0.4349784553050995,0.2352217733860016,0.36524590849876404,0.5247026681900024,0.3517796993255615,0.40450096130371094,0.34984755516052246,0.3227863311767578,0.3493940234184265,0.2534215748310089,0.3278297483921051,0.5567392706871033,0.29168370366096497,0.4742113947868347,0.26996976137161255,0.4136253595352173,0.2537463307380676,0.35640794038772583
Open,0.3691245913505554,0.7795743942260742,0.44077783823013306,0.74043869972229,0.4944857954978943,0.6585413217544556,0.5257139801979065,0.5856510996818542,0.5559886693954468,0.5334049463272095,0.4470025300979614,0.5352450013160706,0.4792761206626892,0.43135514855384827,0.49545979499816895,0.3658955693244934,0.506495475769043,0.3108484148979187,0.4025622010231018,0.5153217911720276,0.4169774055480957,0.3850792944431305,0.42672938108444214,0.300772488117218,0.43081530928611755,0.2333274483680725,0.361369788646698,0.5236996412277222,0.3480399250984192,0.40373820066452026,0.34656089544296265,0.3225749731063843,0.34689566493034363,0.254373162984848,0.32415032386779785,0.5558146238327026,0.2885023057460785,0.4736486077308655,0.26654762029647827,0.4133235216140747,0.25003767013549805,0.35649406909942627
Open,0.3447292447090149,0.8286651372909546,0.4291117191314697,0.8024064302444458,0.512957751750946,0.752838134765625,0.5842481851577759,0.7191567420959473,0.6417913436889648,0.6942754983901978,0.45991578698158264,0.5861986875534058,0.5081787705421448,0.4664800465106964,0.5348199009895325,0.3890990912914276,0.5555219054222107,0.32013341784477234,0.4024966359138489,0.5585672855377197,0.4231441020965576,0.4162425994873047,0.4329712688922882,0.3246569037437439,0.4367188811302185,0.24927839636802673,0.34645408391952515,0.5647056102752686,0.33461618423461914,0.4344075322151184,0.32768911123275757,0.3488839864730835,0.3242649734020233,0.27653563022613525,0.2935525178909302,0.5984195470809937,0.25742679834365845,0.5080387592315674,0.2363220453262329,0.4446827173233032,0.2219548225402832,0.38502997159957886
Open,0.32604435086250305,0.8168227672576904,0.4090363085269928,0.7774969339370728,0.4833117127418518,0.7068139314651489,0.5384357571601868,0.6453810930252075,0.5825744271278381,0.6001695394515991,0.4170781970024109,0.5567872524261475,0.45426809787750244,0.43553465604782104,0.4733494520187378,0.3568603992462158,0.48578283190727234,0.28733500838279724,0.36074313521385193,0.5372825264930725,0.3711665868759155,0.3942880928516388,0.3738035261631012,0.3027975857257843,0.3707154095172882,0.2283669114112854,0.3090040981769562,0.5495030283927917,0.2902383804321289,0.4229736924171448,0.2785111963748932,0.3369743227958679,0.2693495750427246,0.2650958299636841,0.262509286403656,0.5877724885940552,0.22243690490722656,0.5029357671737671,0.19774505496025085,0.4436050355434418,0.17954957485198975,0.3873022496700287
Open,0.6686211228370667,0.6072176694869995,0.6134728193283081,0.5914183855056763,0.560461163520813,0.5530094504356384,0.5198504328727722,0.5192083716392517,0.486514151096344,0.49709171056747437,0.5959197282791138,0.42631205916404724,0.568503201007843,0.34747806191444397,0.5545310974121094,0.2977796196937561,0.5457940101623535,0.25478070974349976,0.6306746602058411,0.4083762466907501,0.6211609840393066,0.31253087520599365,0.6175236701965332,0.2525423765182495,0.6167222261428833,0.20298872888088226,0.6648748517036438,0.41295135021209717,0.6644853353500366,0.32500171661376953,0.6657432317733765,0.2727687358856201,0.667019784450531,0.228437140583992,0.6988801956176758,0.4342685043811798,0.7178335785865784,0.37533384561538696,0.730821967124939,0.3376079797744751,0.7418177127838135,0.3033074736595154
Open,0.2618919909000397,0.5350513458251953,0.3098777234554291,0.5121241211891174,0.3516499400138855,0.47720867395401,0.3892439603805542,0.45492851734161377,0.4254183769226074,0.450111448764801,0.3076169788837433,0.35868212580680847,0.3338422477245331,0.29209089279174805,0.34641361236572266,0.24741904437541962,0.3550151288509369,0.20930148661136627,0.2731192409992218,0.34593260288238525,0.27737459540367126,0.2632978558540344,0.27569884061813354,0.20987269282341003,0.2713451087474823,0.1682806760072708,0.24266546964645386,0.35541632771492004,0.23340894281864166,0.28041356801986694,0.22585958242416382,0.23160064220428467,0.21937218308448792,0.1902334839105606,0.21576321125030518,0.383500337600708,0.1937001347541809,0.3372754752635956,0.18001636862754822,0.3039416968822479,0.1698511838912964,0.27211618423461914
Open,0.25267112255096436,0.5284674167633057,0.3010217547416687,0.504723072052002,0.3430168628692627,0.46919214725494385,0.3792054355144501,0.44567185640335083,0.4125068187713623,0.4413825273513794,0.2948404550552368,0.35063326358795166,0.3194481432437897,0.28311556577682495,0.33092406392097473,0.23796820640563965,0.338721364736557,0.19999606907367706,0.25945112109184265,0.3384648263454437,0.2611585855484009,0.2541101276874542,0.25834593176841736,0.20108662545681,0.25373128056526184,0.16043327748775482,0.22907190024852753,0.3481425344944,0.21876749396324158,0.2735963463783264,0.2113303542137146,0.2260558158159256,0.20530195534229279,0.18639829754829407,0.20303626358509064,0.37703582644462585,0.1812509149312973,0.3325989842414856,0.1674424260854721,0.3008902072906494,0.1569197177886963,0.27108752727508545
Open,0.26284483075141907,0.5243009924888611,0.3097895085811615,0.5028546452522278,0.34976330399513245,0.4694177210330963,0.3849167823791504,0.4465630352497101,0.41863876581192017,0.44086629152297974,0.30340343713760376,0.35192978382110596,0.3272829055786133,0.28402215242385864,0.339285671710968,0.23747532069683075,0.34749606251716614,0.19809786975383759,0.2682257294654846,0.3393497169017792,0.2693835496902466,0.2541843354701996,0.2656317949295044,0.19974854588508606,0.2599693536758423,0.15738122165203094,0.23819176852703094,0.3491888642311096,0.22753149271011353,0.27416348457336426,0.2193101942539215,0.2258981168270111,0.2124212682247162,0.18570895493030548,0.21248957514762878,0.378094881772995,0.19054892659187317,0.33246588706970215,0.17616400122642517,0.29977983236312866,0.1650076061487198,0.26921212673187256
Open,0.4914005696773529,0.7258870601654053,0.43000364303588867,0.6888542175292969,0.3759562373161316,0.6290436387062073,0.3299172520637512,0.5816032886505127,0.2854558825492859,0.5512135028839111,0.4514457881450653,0.4981701672077179,0.4316403269767761,0.3968551456928253,0.421886682510376,0.3325367569923401,0.41750994324684143,0.2755843997001648,0.494872510433197,0.48868757486343384,0.5004986524581909,0.3736311197280884,0.5077049136161804,0.30025237798690796,0.5169576406478882,0.23837611079216003,0.5335495471954346,0.5083755254745483,0.5545432567596436,0.41067633032798767,0.5685282945632935,0.34793221950531006,0.5794315338134766,0.2923274040222168,0.5680251121520996,0.5474675297737122,0.6015263199806213,0.48670297861099243,0.6213618516921997,0.4437991976737976,0.637785792350769,0.4020511507987976
Open,0.47797536849975586,0.728929877281189,0.41722649335861206,0.6873314380645752,0.36533984541893005,0.6252422332763672,0.3194747865200043,0.5788632035255432,0.27528077363967896,0.5504593849182129,0.4399837851524353,0.49781355261802673,0.41951054334640503,0.39663010835647583,0.4091186225414276,0.332241415977478,0.4042821228504181,0.2762281596660614,0.48282134532928467,0.48916953802108765,0.4878164827823639,0.37397098541259766,0.4947036802768707,0.30099859833717346,0.5033788681030273,0.2406657636165619,0.5214554667472839,0.5086777210235596,0.5426540374755859,0.40821290016174316,0.5567510724067688,0.3459497094154358,0.5674440264701843,0.29204994440078735,0.5562909841537476,0.5477180480957031,0.5912368893623352,0.4869263172149658,0.6113425493240356,0.4430670142173767,0.6274151802062988,0.40102505683898926
Open,0.47424188256263733,0.7319780588150024,0.4156402051448822,0.6892634034156799,0.3645859956741333,0.6267809271812439,0.31734269857406616,0.5813531875610352,0.27249467372894287,0.5530582666397095,0.43680769205093384,0.5013944506645203,0.41663721203804016,0.4001366198062897,0.4064897298812866,0.33573204278945923,0.4021461009979248,0.27994000911712646,0.4795699119567871,0.4924064874649048,0.4851604998111725,0.3777087330818176,0.4922788739204407,0.3046378195285797,0.5010329484939575,0.24429845809936523,0.5182206630706787,0.5110946297645569,0.5400875806808472,0.41079235076904297,0.5541722774505615,0.34826138615608215,0.5645738840103149,0.2935640811920166,0.5528392195701599,0.5491039752960205,0.5883257985115051,0.4892542064189911,0.6084033250808716,0.44508230686187744,0.6241021752357483,0.402416855096817
Open,0.47219979763031006,0.7333244681358337,0.41397958993911743,0.6900676488876343,0.3630504608154297,0.6274768114089966,0.31585443019866943,0.5826161503791809,0.27162206172943115,0.5541872978210449,0.435352623462677,0.5029212236404419,0.41567128896713257,0.40135854482650757,0.4062052369117737,0.3372842073440552,0.4023389220237732,0.2817801237106323,0.47857144474983215,0.49433374404907227,0.48450005054473877,0.3796367347240448,0.4914467930793762,0.3070216774940491,0.49987295269966125,0.24660834670066833,0.5171974301338196,0.5134515166282654,0.5392918586730957,0.4134482741355896,0.5529718399047852,0.35088396072387695,0.5628403425216675,0.2958436608314514,0.5514910817146301,0.5517090559005737,0.5864320993423462,0.49117350578308105,0.605858564376831,0.44699451327323914,0.6207464933395386,0.40409380197525024
Open,0.46999359130859375,0.7303945422172546,0.41164329648017883,0.6862387657165527,0.3624260723590851,0.6243078708648682,0.31789490580558777,0.5774211287498474,0.27632904052734375,0.545016348361969,0.43618127703666687,0.5000208020210266,0.4183400273323059,0.3992580771446228,0.4095287024974823,0.33544397354125977,0.40620675683021545,0.28028666973114014,0.47901585698127747,0.49268439412117004,0.48553764820098877,0.3788232207298279,0.4926519989967346,0.3062745928764343,0.5011484026908875,0.24603810906410217,0.517119824886322,0.5125390887260437,0.5397717356681824,0.41288647055625916,0.5539503693580627,0.3505184054374695,0.5644904971122742,0.2958819270133972,0.5507725477218628,0.5514508485794067,0.5861783027648926,0.49113619327545166,0.6061103940010071,0.44766396284103394,0.6216698884963989,0.40561744570732117
Open,0.46682754158973694,0.7254335284233093,0.4095109701156616,0.6818466186523438,0.3618256747722626,0.6215835809707642,0.3180672526359558,0.5744807720184326,0.2763785123825073,0.5430617928504944,0.4343588054180145,0.4990690350532532,0.4162006080150604,0.4003000855445862,0.40713363885879517,0.3378925323486328,0.4037659764289856,0.28339433670043945,0.4766984283924103,0.4915073812007904,0.48308202624320984,0.3788089156150818,0.49047940969467163,0.30749809741973877,0.499582976102829,0.24874433875083923,0.5143226385116577,0.5116381645202637,0.5361880660057068,0.41439902782440186,0.5501290559768677,0.35292860865592957,0.5607627034187317,0.29917025566101074,0.5477187633514404,0.5504285097122192,0.5816493630409241,0.49041470885276794,0.6007946729660034,0.44756338000297546,0.6158674955368042,0.4058856964111328
Open,0.4635157287120819,0.7318599224090576,0.4049428403377533,0.6880034804344177,0.3557739853858948,0.6265096664428711,0.3089832067489624,0.5827208161354065,0.26480886340141296,0.5555975437164307,0.42995062470436096,0.5034801363945007,0.411221444606781,0.40281879901885986,0.4023340344429016,0.3393974006175995,0.3988346457481384,0.2843722999095917,0.47216683626174927,0.49492788314819336,0.47678548097610474,0.3815412223339081,0.48295196890830994,0.30926617980003357,0.49093180894851685,0.2493768334388733,0.5100913047790527,0.5139168500900269,0.5309356451034546,0.41498082876205444,0.5443464517593384,0.35335952043533325,0.5542458891868591,0.2992505431175232,0.5434483289718628,0.5519390106201172,0.576877236366272,0.49135008454322815,0.5960468649864197,0.44822943210601807,0.6112104654312134,0.40646839141845703
Open,0.5081603527069092,0.8702658414840698,0.42236649990081787,0.8301670551300049,0.3456646800041199,0.7304165959358215,0.29294735193252563,0.6409409642219543,0.24603477120399475,0.5755832195281982,0.40817633271217346,0.5682663321495056,0.37588539719581604,0.4487513303756714,0.3562171459197998,0.373599648475647,0.34308648109436035,0.31171950697898865,0.4673600196838379,0.5450012683868408,0.4554114043712616,0.39769071340560913,0.44926923513412476,0.30595993995666504,0.44622451066970825,0.23142892122268677,0.526305615901947,0.552836000919342,0.5310251116752625,0.41742411255836487,0.5363578796386719,0.33169031143188477,0.5406157970428467,0.25751107931137085,0.585485577583313,0.5872898697853088,0.6206262111663818,0.49363550543785095,0.64647376537323,0.43301868438720703,0.6678610444068909,0.3792674243450165
Open,0.5063353776931763,0.7848113179206848,0.41836848855018616,0.7375549077987671,0.34328493475914,0.6333397626876831,0.2909719944000244,0.5427768230438232,0.24433434009552002,0.47826969623565674,0.41238778829574585,0.4760691821575165,0.37630537152290344,0.35000506043434143,0.3550070524215698,0.2709384560585022,0.3407493829727173,0.20342206954956055,0.47181299328804016,0.4628051519393921,0.46481409668922424,0.3207629919052124,0.45905280113220215,0.2313944697380066,0.4539918303489685,0.1586093306541443,0.5281366109848022,0.48113906383514404,0.5367299318313599,0.348898321390152,0.5397005081176758,0.26261988282203674,0.5408840179443359,0.18718647956848145,0.5822624564170837,0.5245562791824341,0.624087393283844,0.43964850902557373,0.6516358852386475,0.37909549474716187,0.6744198799133301,0.32300305366516113
Open,0.49945318698883057,0.782997727394104,0.4132961332798004,0.7369021773338318,0.33885979652404785,0.6350905299186707,0.2850297689437866,0.5465257167816162,0.23917171359062195,0.47971174120903015,0.40850675106048584,0.4748861789703369,0.37203991413116455,0.3473122715950012,0.3494970500469208,0.2683388590812683,0.33400946855545044,0.20126542448997498,0.4659217298030853,0.4625570774078369,0.457923948764801,0.31846317648887634,0.4512319266796112,0.22836211323738098,0.44586944580078125,0.15532740950584412,0.5211881995201111,0.4811159372329712,0.5297527313232422,0.34639713168144226,0.5331942439079285,0.25954505801200867,0.5353705883026123,0.18364429473876953,0.5749136805534363,0.5246097445487976,0.6176204085350037,0.43835899233818054,0.6459574699401855,0.3781512379646301,0.6696005463600159,0.3225017488002777
Open,0.5030447244644165,0.7824511528015137,0.4161236584186554,0.7373238205909729,0.3413825035095215,0.6339669823646545,0.2882571518421173,0.5448096394538879,0.24150528013706207,0.48007792234420776,0.4104381799697876,0.4764927625656128,0.37463855743408203,0.3494729995727539,0.35319727659225464,0.2703070342540741,0.33837997913360596,0.2030622661113739,0.46880125999450684,0.4637978971004486,0.4614664316177368,0.32039394974708557,0.45549049973487854,0.2304299771785736,0.4505684971809387,0.15755030512809753,0.5242703557014465,0.48251792788505554,0.5340946316719055,0.3501048684120178,0.5371559858322144,0.2621481418609619,0.538651168346405,0.18450650572776794,0.577424943447113,0.5265473127365112,0.6210142970085144,0.44082921743392944,0.6501502990722656,0.3805426061153412,0.6740527749061584,0.3244745135307312
Open,0.29955750703811646,0.870985746383667,0.3995005786418915,0.8220593333244324,0.48784810304641724,0.7187840938568115,0.5505899786949158,0.6252212524414062,0.6115926504135132,0.5544628500938416,0.41978946328163147,0.5397422909736633,0.4507637917995453,0.38995587825775146,0.4662949740886688,0.29436758160591125,0.47844037413597107,0.21383342146873474,0.3534414768218994,0.5219889283180237,0.3755209743976593,0.3555324673652649,0.3841867744922638,0.24586442112922668,0.3890064060688019,0.1553685963153839,0.2871490716934204,0.5390830636024475,0.2906782329082489,0.3791457414627075,0.29179635643959045,0.2776876389980316,0.29620039463043213,0.19121098518371582,0.219034343957901,0.5830622315406799,0.20030426979064941,0.4690525233745575,0.19265973567962646,0.40057629346847534,0.19076742231845856,0.3391193747520447
Open,0.31607887148857117,0.8854544162750244,0.41277000308036804,0.829063892364502,0.4907171130180359,0.7266014814376831,0.5521482825279236,0.6342328190803528,0.6113651990890503,0.5568338632583618,0.40809983015060425,0.5503909587860107,0.423999547958374,0.39257752895355225,0.4320448637008667,0.28821709752082825,0.43918293714523315,0.20153620839118958,0.33900952339172363,0.5425764322280884,0.3351253271102905,0.365932434797287,0.328451931476593,0.248210608959198,0.3217454254627228,0.15101879835128784,0.2729717493057251,0.5737428069114685,0.2551361322402954,0.4129502773284912,0.24519464373588562,0.3097405731678009,0.24073702096939087,0.2232053279876709,0.2094675749540329,0.632145881652832,0.17075948417186737,0.522577166557312,0.14661122858524323,0.449162095785141,0.12758111953735352,0.38058239221572876
Open,0.7047803401947021,0.8089005351066589,0.6280931234359741,0.7879688739776611,0.5613597631454468,0.7280666828155518,0.511322557926178,0.6657152771949768,0.4688606858253479,0.6086968183517456,0.6017417311668396,0.5693344473838806,0.5809150338172913,0.44728368520736694,0.570399820804596,0.3691897392272949,0.5642977356910706,0.3011259138584137,0.6516646146774292,0.5468598008155823,0.6386632323265076,0.4065713882446289,0.6298487782478333,0.31696614623069763,0.6235194802284241,0.24304845929145813,0.702064573764801,0.5530802011489868,0.7002747058868408,0.4252058267593384,0.6981152296066284,0.3478108048439026,0.6961885094642639,0.2817092537879944,0.7517691254615784,0.5821052193641663,0.7707294225692749,0.4894746243953705,0.7838358879089355,0.4280473291873932,0.7932252883911133,0.37164807319641113
Open,0.7462990880012512,0.776781439781189,0.6686229705810547,0.7531324028968811,0.6022738814353943,0.6894393563270569,0.5589195489883423,0.6199934482574463,0.5193369388580322,0.5594620704650879,0.6477351784706116,0.5353878736495972,0.6302675008773804,0.41466808319091797,0.6239033341407776,0.3394043445587158,0.6215632557868958,0.273547500371933,0.6992933750152588,0.5161869525909424,0.6932349801063538,0.3822479844093323,0.6854966878890991,0.29818370938301086,0.6793939471244812,0.23131367564201355,0.7485458850860596,0.5235917568206787,0.7524065375328064,0.4063027501106262,0.7484211325645447,0.3290834426879883,0.744019091129303,0.26476049423217773,0.7963506579399109,0.5516003966331482,0.8125729560852051,0.4670783579349518,0.8189164996147156,0.40951478481292725,0.8207709789276123,0.35568371415138245
Open,0.7723861932754517,0.7751551866531372,0.689507782459259,0.7499933242797852,0.6220026612281799,0.6827936768531799,0.5828676223754883,0.6117278337478638,0.5490750670433044,0.5502346158027649,0.6736611127853394,0.5320384502410889,0.6548090577125549,0.41146981716156006,0.6483184099197388,0.3352046012878418,0.6458083987236023,0.26944872736930847,0.7250440716743469,0.5118866562843323,0.7191044092178345,0.3761081099510193,0.7127549648284912,0.28981098532676697,0.7068227529525757,0.2217952013015747,0.7731037735939026,0.5153181552886963,0.7754800319671631,0.3919616937637329,0.7688762545585632,0.3187263011932373,0.7604671120643616,0.2595459222793579,0.8218012452125549,0.538411557674408,0.8409041166305542,0.4436742961406708,0.8468257188796997,0.3806625008583069,0.847877025604248,0.3238977789878845
Open,0.7689049243927002,0.7686817049980164,0.6862764358520508,0.7473726272583008,0.6175132989883423,0.6800856590270996,0.577078104019165,0.6111442446708679,0.5421364903450012,0.5564743280410767,0.6625792384147644,0.5343002080917358,0.6407744884490967,0.4163365364074707,0.6328644752502441,0.3413093090057373,0.6292629837989807,0.2774031460285187,0.713948130607605,0.5131610631942749,0.7062086462974548,0.3817068040370941,0.6992051601409912,0.2960350811481476,0.6934505105018616,0.23033693432807922,0.7628868818283081,0.5155132412910461,0.7654030323028564,0.3995966911315918,0.7593318223953247,0.3315422236919403,0.7516617774963379,0.2779906988143921,0.8118217587471008,0.536450207233429,0.8315998911857605,0.4443739950656891,0.8387560844421387,0.381728857755661,0.8418712615966797,0.3243596851825714
Fist,0.6934544444084167,0.7214828729629517,0.6380876898765564,0.5814072489738464,0.592438280582428,0.5023958683013916,0.5383515357971191,0.5011427998542786,0.5013112425804138,0.543127715587616,0.7089118957519531,0.49467501044273376,0.5792011022567749,0.4839685261249542,0.5516510605812073,0.5128381252288818,0.5742017030715942,0.5349479913711548,0.7186039090156555,0.5874993801116943,0.5625017881393433,0.587095320224762,0.5565780997276306,0.5952116847038269,0.5924060940742493,0.5954720973968506,0.7053744196891785,0.6816546320915222,0.5573998689651489,0.6740661859512329,0.5509534478187561,0.6677581071853638,0.5827069878578186,0.6654748916625977,0.6844089031219482,0.7606110572814941,0.587871253490448,0.7414728403091431,0.5758723020553589,0.7231253981590271,0.592409610748291,0.7297937870025635
Fist,0.6736025214195251,0.6432505249977112,0.621170163154602,0.5322664976119995,0.5774278044700623,0.4433075785636902,0.5313122272491455,0.40593332052230835,0.5131431221961975,0.4266231656074524,0.6805104613304138,0.37641066312789917,0.5529098510742188,0.3826785087585449,0.5480941534042358,0.44590994715690613,0.5809196829795837,0.45930927991867065,0.6933111548423767,0.4442232847213745,0.5400673151016235,0.45770806074142456,0.5469622015953064,0.5082259774208069,0.5821643471717834,0.5137746930122375,0.6845795512199402,0.5219572186470032,0.5386828184127808,0.5303539037704468,0.5474799871444702,0.5676853060722351,0.5827345252037048,0.5739055275917053,0.6642982959747314,0.5981183648109436,0.5512113571166992,0.5959160327911377,0.5543637871742249,0.6140395402908325,0.5826621651649475,0.6189590692520142
Fist,0.6774507164955139,0.6794900894165039,0.6190741658210754,0.5615357160568237,0.5716312527656555,0.4611777663230896,0.5228296518325806,0.42620155215263367,0.5067956447601318,0.4564812481403351,0.6761612892150879,0.39679452776908875,0.5475949048995972,0.4069907069206238,0.5427799820899963,0.47439107298851013,0.5745438933372498,0.4896661639213562,0.6900641918182373,0.46430492401123047,0.5361470580101013,0.48736661672592163,0.5440902709960938,0.5401954650878906,0.5803064703941345,0.5447511672973633,0.681257963180542,0.5435667634010315,0.5338889956474304,0.5601460933685303,0.5438755750656128,0.6010414361953735,0.5805908441543579,0.6045970916748047,0.6605774164199829,0.6205284595489502,0.5461767911911011,0.6280102729797363,0.5527327656745911,0.6488674283027649,0.5840039849281311,0.6508677005767822
Fist,0.6779051423072815,0.6694035530090332,0.6262676119804382,0.5538920760154724,0.5816360116004944,0.4619041383266449,0.5310208201408386,0.43187081813812256,0.5073644518852234,0.45781561732292175,0.6767209768295288,0.3986280560493469,0.5500582456588745,0.41153213381767273,0.5415947437286377,0.4750354290008545,0.5708996653556824,0.4901600480079651,0.6916981339454651,0.4665755033493042,0.5386874675750732,0.48882007598876953,0.5421522855758667,0.5394058227539062,0.5773062109947205,0.5449903011322021,0.6833318471908569,0.5467386841773987,0.5373860597610474,0.5610443353652954,0.5421124696731567,0.5981391072273254,0.5771474838256836,0.6040262579917908,0.6629511713981628,0.6235113143920898,0.5526565313339233,0.6272405982017517,0.5522028207778931,0.6420395374298096,0.5781179070472717,0.6452391147613525
Fist,0.7284977436065674,0.7106106877326965,0.6705399751663208,0.5778782367706299,0.6256977915763855,0.4883806109428406,0.5773571133613586,0.4721507728099823,0.5480594635009766,0.508974552154541,0.7426292896270752,0.45031243562698364,0.6157535314559937,0.46058616042137146,0.605654776096344,0.5116561651229858,0.6394557356834412,0.5211918354034424,0.7640858292579651,0.5355231761932373,0.610761284828186,0.5475779175758362,0.6091947555541992,0.5825761556625366,0.6477428078651428,0.5763334631919861,0.7595511078834534,0.6274776458740234,0.6173943281173706,0.6342718601226807,0.6063591837882996,0.6454905271530151,0.6313841342926025,0.6393657326698303,0.7468153238296509,0.7074376344680786,0.6581344604492188,0.7154064774513245,0.6469445824623108,0.7085056304931641,0.6622676849365234,0.7112772464752197
Fist,0.21454301476478577,0.7099183797836304,0.24352309107780457,0.5874305963516235,0.2921479344367981,0.4834781885147095,0.3526079058647156,0.4295583963394165,0.39282727241516113,0.4284665584564209,0.20080876350402832,0.4586477279663086,0.33845043182373047,0.4348132014274597,0.37362781167030334,0.4655842185020447,0.36516645550727844,0.48451510071754456,0.20021262764930725,0.5515871644020081,0.36777597665786743,0.5174969434738159,0.36779072880744934,0.5585315823554993,0.3277978301048279,0.5714609622955322,0.2185836136341095,0.6400432586669922,0.36864936351776123,0.5993561744689941,0.35761502385139465,0.6235432624816895,0.31842878460884094,0.6329814195632935,0.24697443842887878,0.7167770862579346,0.36381685733795166,0.6716508269309998,0.3657127618789673,0.6728819608688354,0.3429034650325775,0.6789664030075073
Fist,0.18154378235340118,0.7756671905517578,0.1943676918745041,0.671336829662323,0.21576237678527832,0.5892451405525208,0.25460702180862427,0.537534236907959,0.2915266752243042,0.5141401290893555,0.10408082604408264,0.5753562450408936,0.21862976253032684,0.5512246489524841,0.27601683139801025,0.5509833693504333,0.3063083291053772,0.5526456832885742,0.10164980590343475,0.6664380431175232,0.26230955123901367,0.6346727609634399,0.26880741119384766,0.6368460655212402,0.24344706535339355,0.6357142329216003,0.12175358086824417,0.7514088749885559,0.27406027913093567,0.7178770303726196,0.2710672914981842,0.706678032875061,0.247163325548172,0.6957834362983704,0.1491638422012329,0.8260589838027954,0.26721203327178955,0.7924079895019531,0.2711838483810425,0.7738628387451172,0.25660285353660583,0.7616071105003357
Fist,0.5518389344215393,0.45132291316986084,0.5367452502250671,0.3827779293060303,0.5022813677787781,0.3276961147785187,0.46635887026786804,0.38741129636764526,0.46595299243927,0.47598153352737427,0.664530873298645,0.30899640917778015,0.5441151261329651,0.28564879298210144,0.531531572341919,0.3085067570209503,0.5634250640869141,0.3362693786621094,0.6852972507476807,0.40976089239120483,0.5262526273727417,0.39807945489883423,0.5216124057769775,0.41350847482681274,0.559294581413269,0.42818760871887207,0.668244481086731,0.4995383620262146,0.5141542553901672,0.5035727024078369,0.5150455832481384,0.49783653020858765,0.552223801612854,0.4930652976036072,0.6394487023353577,0.5815303325653076,0.5425145626068115,0.5810263156890869,0.5321659445762634,0.5694854259490967,0.5552083849906921,0.5660449266433716
Fist,0.4066299796104431,0.5242211222648621,0.3862018883228302,0.4829966425895691,0.361262708902359,0.4546779990196228,0.3369947075843811,0.4441567659378052,0.3363635838031769,0.46475595235824585,0.42811501026153564,0.42302966117858887,0.3663911819458008,0.4178312420845032,0.3597082197666168,0.4360702335834503,0.3714250326156616,0.4422552287578583,0.43403977155685425,0.4604353904724121,0.3568296432495117,0.46242180466651917,0.3590152859687805,0.4736025929450989,0.37519219517707825,0.4733130633831024,0.4302040636539459,0.5014466643333435,0.35841506719589233,0.5041383504867554,0.36385098099708557,0.5055093765258789,0.3798486888408661,0.5038254857063293,0.42004793882369995,0.538057804107666,0.36668968200683594,0.5367111563682556,0.37163159251213074,0.534349799156189,0.3875722885131836,0.5311119556427002
Fist,0.4276139438152313,0.5335619449615479,0.40665024518966675,0.488971471786499,0.3823840022087097,0.45983967185020447,0.3601236939430237,0.45439961552619934,0.361760675907135,0.48552802205085754,0.44962459802627563,0.43156635761260986,0.38817843794822693,0.4281783401966095,0.38373488187789917,0.44596806168556213,0.3961934447288513,0.45070815086364746,0.45655328035354614,0.4700348973274231,0.3818378448486328,0.47269999980926514,0.3855915665626526,0.48237988352775574,0.4016137421131134,0.48091039061546326,0.45344993472099304,0.5118002891540527,0.38440555334091187,0.5146685838699341,0.39031434059143066,0.5141822099685669,0.4065672755241394,0.5116167068481445,0.44413450360298157,0.5488260984420776,0.3927053213119507,0.5463816523551941,0.3987777829170227,0.5434755086898804,0.4149111807346344,0.5408084392547607
Fist,0.42482995986938477,0.540259838104248,0.40422576665878296,0.4945007562637329,0.3792174756526947,0.4648466408252716,0.35525497794151306,0.45735424757003784,0.3546932637691498,0.4863634705543518,0.44523119926452637,0.4393690526485443,0.3819751441478729,0.43592169880867004,0.3777000308036804,0.45374658703804016,0.39094600081443787,0.4579746425151825,0.45280298590660095,0.4785745143890381,0.3756502866744995,0.48144418001174927,0.3803302049636841,0.4908018410205841,0.397148460149765,0.4890889823436737,0.44994601607322693,0.5204333662986755,0.37892141938209534,0.5232930183410645,0.3851930499076843,0.5214922428131104,0.4016153812408447,0.518588662147522,0.44088292121887207,0.5570676922798157,0.3884718418121338,0.5540236234664917,0.3946203291416168,0.5492584705352783,0.41081300377845764,0.5459532141685486
Fist,0.7030394077301025,0.6801435947418213,0.6562697887420654,0.5703863501548767,0.6106396913528442,0.5003127455711365,0.561808168888092,0.4902389645576477,0.5283548831939697,0.524434506893158,0.6910093426704407,0.4614273011684418,0.5716668367385864,0.4860692322254181,0.5614612102508545,0.5229688286781311,0.5867317318916321,0.527549147605896,0.7087770700454712,0.5352572798728943,0.5755550265312195,0.5593847632408142,0.5723876953125,0.582252562046051,0.6008815765380859,0.5769656896591187,0.7066119909286499,0.6155605912208557,0.5826683044433594,0.6278115510940552,0.5754769444465637,0.6375944018363953,0.5987311601638794,0.6369946599006653,0.69456547498703,0.688758134841919,0.6084520220756531,0.69161456823349,0.5981900095939636,0.6868101358413696,0.6108978986740112,0.6870156526565552
Fist,0.795063316822052,0.6407922506332397,0.7597920298576355,0.5349684953689575,0.7218255996704102,0.4680500030517578,0.6702815890312195,0.4441065788269043,0.6245709657669067,0.44863903522491455,0.7979637980461121,0.4092816710472107,0.6983979940414429,0.42478084564208984,0.6705084443092346,0.4556647837162018,0.676209568977356,0.4684401750564575,0.8101942539215088,0.4790482521057129,0.6891369819641113,0.4841623902320862,0.669893741607666,0.5099600553512573,0.6825917959213257,0.5132715702056885,0.8023995757102966,0.5534455180168152,0.6832984685897827,0.5547474026679993,0.6697655320167542,0.5662885904312134,0.6873356103897095,0.5688432455062866,0.7807433009147644,0.6172435283660889,0.6914060711860657,0.6168844103813171,0.6878469586372375,0.6157897710800171,0.7106297612190247,0.615956723690033
Fist,0.7939413189888,0.6811344027519226,0.7507669925689697,0.5636724829673767,0.7133305072784424,0.463105708360672,0.6666931509971619,0.42830508947372437,0.6334438920021057,0.4588027894496918,0.8040041923522949,0.4211342930793762,0.6888895034790039,0.4436119794845581,0.6928427219390869,0.48899877071380615,0.7185871601104736,0.48809295892715454,0.8187815546989441,0.493728905916214,0.6764006614685059,0.5111592411994934,0.6911794543266296,0.5443741679191589,0.7221615314483643,0.5407425761222839,0.8139051198959351,0.5657044053077698,0.678372323513031,0.5690889954566956,0.6975655555725098,0.5934454202651978,0.7322964072227478,0.5910284519195557,0.7991859316825867,0.6326577067375183,0.7018635272979736,0.6243181228637695,0.7168216109275818,0.6366499662399292,0.749660074710846,0.6366454362869263
Fist,0.5823394060134888,0.48839691281318665,0.554118275642395,0.3990371823310852,0.5182881355285645,0.355752170085907,0.47753074765205383,0.3502729535102844,0.46232959628105164,0.3955513536930084,0.6316388249397278,0.3088921308517456,0.5180389881134033,0.30008357763290405,0.5114284157752991,0.32661139965057373,0.5361964106559753,0.3328801095485687,0.6379472613334656,0.38470539450645447,0.5083736181259155,0.38106462359428406,0.515313982963562,0.38917818665504456,0.5467752814292908,0.38477426767349243,0.6257533431053162,0.46225669980049133,0.5084198713302612,0.456450879573822,0.5174296498298645,0.4472639560699463,0.5473378896713257,0.441900372505188,0.6056038737297058,0.5244835019111633,0.5221054553985596,0.511077344417572,0.5305424928665161,0.4960877001285553,0.5583280920982361,0.4889782965183258
Fist,0.5801758170127869,0.4810035228729248,0.5542230010032654,0.39635661244392395,0.519614040851593,0.3554588854312897,0.4818899929523468,0.34575504064559937,0.4682777523994446,0.38243767619132996,0.6329571008682251,0.30688831210136414,0.5229408740997314,0.29599520564079285,0.5170499086380005,0.32127439975738525,0.5417106747627258,0.3271084427833557,0.6389437913894653,0.3811471164226532,0.5120787024497986,0.3772924542427063,0.5194055438041687,0.38725486397743225,0.5526575446128845,0.38147786259651184,0.627336859703064,0.45813262462615967,0.511946976184845,0.45363742113113403,0.5209452509880066,0.4454058110713959,0.5525323748588562,0.43959957361221313,0.6087660789489746,0.518977701663971,0.52595454454422,0.5071871876716614,0.5343104004859924,0.4924830496311188,0.5634136199951172,0.48535218834877014
Fist,0.5852195024490356,0.48351091146469116,0.5554819703102112,0.39791062474250793,0.5199072360992432,0.35424917936325073,0.4814561605453491,0.34755849838256836,0.47093653678894043,0.3952341675758362,0.6317155361175537,0.3104296326637268,0.5195298790931702,0.30315467715263367,0.5150991678237915,0.33143678307533264,0.5412749648094177,0.3361157476902008,0.6409204006195068,0.3838188052177429,0.5112695097923279,0.3823537826538086,0.5210360884666443,0.39166951179504395,0.5528949499130249,0.3849526345729828,0.6300998330116272,0.4594336748123169,0.5122326612472534,0.4568387269973755,0.5228158831596375,0.44856247305870056,0.5528330206871033,0.4426160752773285,0.6102361679077148,0.5204096436500549,0.525292694568634,0.5091489553451538,0.5331320762634277,0.4955531060695648,0.5595289468765259,0.4883373975753784
Fist,0.5884701013565063,0.4841325581073761,0.561655580997467,0.40068113803863525,0.5262470841407776,0.3551243543624878,0.4842667579650879,0.3476080596446991,0.47338616847991943,0.3936243951320648,0.6401573419570923,0.3117169737815857,0.5277979969978333,0.3005954623222351,0.5226965546607971,0.327104389667511,0.5485466122627258,0.3303988575935364,0.6484149694442749,0.3850962519645691,0.514774739742279,0.38289564847946167,0.5252121686935425,0.39102432131767273,0.5569650530815125,0.38633450865745544,0.6372184753417969,0.46201661229133606,0.5145542621612549,0.45899802446365356,0.5267582535743713,0.44806724786758423,0.5574801564216614,0.4399287700653076,0.6166830658912659,0.5244766473770142,0.5278624892234802,0.5107073783874512,0.5375858545303345,0.4940546751022339,0.5663896203041077,0.4836263358592987
Fist,0.4540393054485321,0.6470006108283997,0.4875360131263733,0.5676425099372864,0.5212388038635254,0.5141316056251526,0.5713599920272827,0.5028265714645386,0.6027709245681763,0.5165727138519287,0.4308449625968933,0.4621979594230652,0.5515824556350708,0.4481152892112732,0.5683596134185791,0.4892374873161316,0.5493496656417847,0.5190208554267883,0.425381600856781,0.5381069183349609,0.5499669909477234,0.5097540616989136,0.5576594471931458,0.5478934645652771,0.537651777267456,0.559646487236023,0.4363338351249695,0.6120812892913818,0.5424339175224304,0.5782012343406677,0.5391135215759277,0.6069378852844238,0.5143858194351196,0.6170586943626404,0.4511852264404297,0.6722815036773682,0.5257171988487244,0.6384249329566956,0.5258685350418091,0.6467729806900024,0.5045532584190369,0.6545378565788269
Fist,0.44889864325523376,0.6579895615577698,0.4860410988330841,0.5740572214126587,0.5239573121070862,0.5203782916069031,0.5745101571083069,0.5036548972129822,0.6025733351707458,0.49887263774871826,0.43497756123542786,0.465254008769989,0.5340515375137329,0.45698249340057373,0.5744431018829346,0.4784650206565857,0.5829256772994995,0.5030669569969177,0.4264228343963623,0.5435522198677063,0.534757673740387,0.5110782980918884,0.5704970359802246,0.5267196297645569,0.5744463205337524,0.5311105847358704,0.43458160758018494,0.617294192314148,0.531031608581543,0.5765485763549805,0.5508701801300049,0.5870030522346497,0.541846752166748,0.5898770093917847,0.4498816430568695,0.6777219772338867,0.5158039331436157,0.6387436985969543,0.5354344248771667,0.6306667923927307,0.5326822400093079,0.6276199221611023
Fist,0.44352757930755615,0.6581434607505798,0.48191970586776733,0.572191059589386,0.5178846120834351,0.5175808072090149,0.5647674202919006,0.5006034970283508,0.5890601873397827,0.5028654932975769,0.42931121587753296,0.4621085524559021,0.5352834463119507,0.44642356038093567,0.5607825517654419,0.481313019990921,0.557234525680542,0.5132078528404236,0.42006179690361023,0.5391712188720703,0.5285454988479614,0.5022587180137634,0.5503754019737244,0.5301321148872375,0.546079158782959,0.5411902666091919,0.42651620507240295,0.6133450865745544,0.5207326412200928,0.5731898546218872,0.5329472422599792,0.591074526309967,0.5224225521087646,0.5970550179481506,0.4407232403755188,0.6731827259063721,0.5043655633926392,0.6408072710037231,0.5160537362098694,0.6410560011863708,0.5077515244483948,0.6410179734230042
Fist,0.44451311230659485,0.6566565036773682,0.48136666417121887,0.5746635794639587,0.5209248661994934,0.5215684175491333,0.5720638632774353,0.5062604546546936,0.5914344787597656,0.5160233974456787,0.42606496810913086,0.4646272659301758,0.5451760292053223,0.44732263684272766,0.5644898414611816,0.4825392961502075,0.5501031875610352,0.510261595249176,0.4169010519981384,0.538026750087738,0.5445938110351562,0.5026845932006836,0.5573291778564453,0.5321860909461975,0.5429978370666504,0.5435745716094971,0.4254941940307617,0.6099525690078735,0.5401734709739685,0.5732345581054688,0.5431526899337769,0.5882181525230408,0.5237656831741333,0.5919561982154846,0.440740704536438,0.6690839529037476,0.5196969509124756,0.6343673467636108,0.524047315120697,0.6294934749603271,0.5078026652336121,0.6253319978713989
Fist,0.44019222259521484,0.6749290227890015,0.47400689125061035,0.6055023074150085,0.5158048272132874,0.5476969480514526,0.5723115801811218,0.5268503427505493,0.6054313778877258,0.522460401058197,0.4396613836288452,0.47734564542770386,0.5543085336685181,0.4620562195777893,0.5735651850700378,0.49935224652290344,0.5593922734260559,0.5289114713668823,0.43202435970306396,0.5492633581161499,0.551180362701416,0.5233702063560486,0.5618541836738586,0.5585983991622925,0.5459800958633423,0.5704007744789124,0.43872499465942383,0.6210885047912598,0.5462867617607117,0.5897295475006104,0.5473507642745972,0.6169852018356323,0.526077389717102,0.625169575214386,0.4504075050354004,0.6829499006271362,0.531049907207489,0.6500142812728882,0.5360077619552612,0.6592411398887634,0.5177704691886902,0.6669834852218628
Fist,0.6885477900505066,0.7479038834571838,0.6544424295425415,0.6072128415107727,0.6360040903091431,0.4890037775039673,0.6110678315162659,0.42464104294776917,0.5803868174552917,0.3994285464286804,0.7469033002853394,0.4750725030899048,0.6233189702033997,0.5074115991592407,0.5935310125350952,0.5286952257156372,0.606831967830658,0.5275682210922241,0.7675331234931946,0.58390873670578,0.6111235618591309,0.6173359155654907,0.5977856516838074,0.6313031315803528,0.6219189763069153,0.6250563859939575,0.7591456770896912,0.6893472671508789,0.6089247465133667,0.7097457051277161,0.5994186997413635,0.7137556076049805,0.625359296798706,0.7087326645851135,0.7352534532546997,0.7821117043495178,0.6147574186325073,0.7886148691177368,0.6063019037246704,0.7808824777603149,0.6301879286766052,0.7684452533721924
Fist,0.5648449659347534,0.7116228938102722,0.5399616360664368,0.6091606020927429,0.53164142370224,0.510656476020813,0.5193859934806824,0.4507417678833008,0.5014472603797913,0.42641499638557434,0.6340082883834839,0.4972700774669647,0.5080217123031616,0.4988713562488556,0.4879845380783081,0.5316858887672424,0.5095981955528259,0.547731339931488,0.6468339562416077,0.5803142786026001,0.49494966864585876,0.5883155465126038,0.4965519607067108,0.6137427091598511,0.5288040041923523,0.6194565296173096,0.636535108089447,0.6656230092048645,0.4904966652393341,0.6712920665740967,0.49736109375953674,0.6821295022964478,0.529091477394104,0.6805114150047302,0.6120599508285522,0.7417764663696289,0.4990496337413788,0.7364645004272461,0.5028397440910339,0.7356249690055847,0.5329461097717285,0.7311655282974243
Fist,0.5955705642700195,0.5913283824920654,0.566159725189209,0.5079447031021118,0.5511239767074585,0.3853381276130676,0.5315632820129395,0.3062029480934143,0.5323240756988525,0.3159986436367035,0.6704157590866089,0.37907811999320984,0.5483180284500122,0.3970045745372772,0.540878176689148,0.407211035490036,0.56650710105896,0.4082754850387573,0.7022574543952942,0.4846740961074829,0.5223089456558228,0.5385976433753967,0.5454293489456177,0.5245208740234375,0.5895174145698547,0.5063629746437073,0.6955821514129639,0.5928879976272583,0.5155677795410156,0.634080171585083,0.5283293128013611,0.6105161309242249,0.5696470141410828,0.5922402143478394,0.6687044501304626,0.6815459728240967,0.5225021243095398,0.7017183899879456,0.5312389135360718,0.6858628988265991,0.5711315274238586,0.6740899085998535
Fist,0.6271705627441406,0.6971519589424133,0.5921310782432556,0.5584947466850281,0.569008469581604,0.4450293779373169,0.5514125823974609,0.37414905428886414,0.5530977845191956,0.35050761699676514,0.6960328817367554,0.4241170585155487,0.5335381031036377,0.44035211205482483,0.5238509774208069,0.49281665682792664,0.5697203874588013,0.5012267827987671,0.7096851468086243,0.5300625562667847,0.5255441665649414,0.5477667450904846,0.5360403060913086,0.5803829431533813,0.5890852808952332,0.571937620639801,0.7004372477531433,0.6381328701972961,0.5263851881027222,0.6514127850532532,0.5379565358161926,0.6603163480758667,0.5809922218322754,0.6516137719154358,0.6763367652893066,0.7345348596572876,0.5403852462768555,0.7358118295669556,0.5526669025421143,0.7290583252906799,0.5970723032951355,0.7144034504890442
Fist,0.642005205154419,0.71299809217453,0.6081157922744751,0.5688087940216064,0.5896247029304504,0.4544243812561035,0.5691502094268799,0.3860095739364624,0.5491427183151245,0.3495616912841797,0.7089605927467346,0.43657544255256653,0.5455615520477295,0.4608532786369324,0.524895429611206,0.5107601881027222,0.5624058842658997,0.5208067893981934,0.7225558757781982,0.5465515851974487,0.5366640090942383,0.5690772533416748,0.5322781801223755,0.5937318205833435,0.576589822769165,0.5854484438896179,0.7118264436721802,0.6579304933547974,0.5379909873008728,0.6705160737037659,0.5416120886802673,0.6681149005889893,0.5839014053344727,0.6561197638511658,0.6864668130874634,0.7528821229934692,0.54952073097229,0.7504260540008545,0.5520142316818237,0.7359663248062134,0.5914015173912048,0.7220476865768433
Fist,0.26188093423843384,0.8116610646247864,0.28359973430633545,0.7043875455856323,0.34744590520858765,0.6190358996391296,0.41796234250068665,0.6006104946136475,0.46970951557159424,0.615092396736145,0.34906670451164246,0.575885534286499,0.48281174898147583,0.5603654980659485,0.46732690930366516,0.596324622631073,0.4264805316925049,0.6109883189201355,0.354556679725647,0.6483210325241089,0.49030035734176636,0.6306899785995483,0.46697360277175903,0.6586588025093079,0.42515507340431213,0.6729447841644287,0.3662887215614319,0.720779538154602,0.48315301537513733,0.6988451480865479,0.457935094833374,0.7183281183242798,0.4200313985347748,0.728513240814209,0.38014063239097595,0.7889132499694824,0.47356393933296204,0.753014087677002,0.44912007451057434,0.7654309272766113,0.4128826856613159,0.7756510972976685
Fist,0.22165344655513763,0.8011267185211182,0.2401529848575592,0.6671149730682373,0.2950773239135742,0.5525191426277161,0.37076568603515625,0.4958755671977997,0.4300505220890045,0.484585702419281,0.2646920382976532,0.4543865919113159,0.3924939036369324,0.43543750047683716,0.4515407979488373,0.4528268575668335,0.48683035373687744,0.47261378169059753,0.2659533619880676,0.5245958566665649,0.4287656843662262,0.5166987180709839,0.43722566962242126,0.555955171585083,0.41949835419654846,0.5636214017868042,0.28070610761642456,0.6102699637413025,0.4411369264125824,0.5885324478149414,0.4306568503379822,0.6246757507324219,0.3997582793235779,0.6389049291610718,0.3021931052207947,0.6993225812911987,0.437883585691452,0.6610981225967407,0.43870818614959717,0.6755132079124451,0.41633862257003784,0.6835485696792603
Fist,0.7409525513648987,0.8991274833679199,0.6887077689170837,0.777519941329956,0.6631714701652527,0.6459231972694397,0.6632912755012512,0.5524982213973999,0.6793789863586426,0.4780367612838745,0.6997450590133667,0.6772494316101074,0.684344470500946,0.660250723361969,0.676040530204773,0.6397113800048828,0.6656774878501892,0.6201918125152588,0.7253901958465576,0.7452701926231384,0.6110329627990723,0.7907698750495911,0.6065455675125122,0.7919279336929321,0.6156479120254517,0.779869019985199,0.7351449728012085,0.8208149075508118,0.609642744064331,0.8623673915863037,0.6275619268417358,0.858616828918457,0.6592528820037842,0.8416491746902466,0.7363467812538147,0.8891741633415222,0.6351524591445923,0.9104503393173218,0.6484066843986511,0.9028713703155518,0.6812229156494141,0.8872144222259521
Point,0.7354432940483093,0.8424280881881714,0.7011169791221619,0.7390267252922058,0.6918580532073975,0.6269920468330383,0.6999225616455078,0.5468180179595947,0.7112781405448914,0.4557233154773712,0.7583441138267517,0.6746596693992615,0.7131034731864929,0.6561182141304016,0.7002779841423035,0.666287899017334,0.6966602206230164,0.6798394322395325,0.7843821048736572,0.7486633062362671,0.6913188099861145,0.7727611660957336,0.655448317527771,0.7823378443717957,0.6412155628204346,0.7929612398147583,0.7920723557472229,0.8291136622428894,0.6962706446647644,0.8580708503723145,0.6577179431915283,0.8533468842506409,0.6445372104644775,0.8549100160598755,0.7881255745887756,0.8970573544502258,0.720296323299408,0.917278528213501,0.6860685348510742,0.9081290364265442,0.6721736192703247,0.9014516472816467
Point,0.7391176819801331,0.8413090705871582,0.7036702036857605,0.741732120513916,0.6971248388290405,0.6302739977836609,0.707425594329834,0.5502562522888184,0.7173138856887817,0.45996180176734924,0.7644651532173157,0.686979353427887,0.7399259805679321,0.66741544008255,0.7241795063018799,0.6709324717521667,0.7047768831253052,0.6877418756484985,0.7943931221961975,0.7581692337989807,0.6977195739746094,0.784644365310669,0.6671439409255981,0.7868859171867371,0.655283510684967,0.8015468120574951,0.8002921342849731,0.8362476825714111,0.6985888481140137,0.8676332831382751,0.6737015247344971,0.8565902709960938,0.668499231338501,0.8594534397125244,0.7943930625915527,0.9020512104034424,0.7164188027381897,0.9250603914260864,0.6932945251464844,0.9181981086730957,0.6913789510726929,0.9143472909927368
Point,0.7670222520828247,0.8046176433563232,0.7442947626113892,0.7200303077697754,0.7451179027557373,0.6125686764717102,0.7554588913917542,0.5272616147994995,0.7685958743095398,0.44404423236846924,0.8232221007347107,0.6587027311325073,0.7738435864448547,0.6587602496147156,0.7641777396202087,0.6639754772186279,0.7652361989021301,0.6749961972236633,0.8576586842536926,0.7304649949073792,0.7212806940078735,0.7843931913375854,0.7036091685295105,0.770386815071106,0.704827606678009,0.7609975934028625,0.8631554245948792,0.8068252801895142,0.7303159236907959,0.8532336950302124,0.7224286794662476,0.8373910784721375,0.7340103387832642,0.8271768093109131,0.8579992055892944,0.8724645972251892,0.7552140355110168,0.9030219316482544,0.7391787171363831,0.895203709602356,0.7487595081329346,0.8867807984352112
Point,0.7845077514648438,0.8465176820755005,0.757419764995575,0.7482283711433411,0.7588452696800232,0.6292123794555664,0.7699277997016907,0.5399073362350464,0.7817435264587402,0.4491167366504669,0.8329210877418518,0.6807406544685364,0.779198408126831,0.6580027341842651,0.7622431516647339,0.6640870571136475,0.7562494277954102,0.6835525631904602,0.863042950630188,0.7463858723640442,0.7141130566596985,0.7845621109008789,0.706096887588501,0.7766863703727722,0.7170515656471252,0.7824102640151978,0.8653196096420288,0.8245651125907898,0.7153027057647705,0.8602429032325745,0.7224145531654358,0.8457676768302917,0.7450753450393677,0.8435372114181519,0.8538239002227783,0.8919997811317444,0.736689567565918,0.9126698970794678,0.7377611994743347,0.9056127667427063,0.7643442749977112,0.9049211740493774
Point,0.7594512104988098,0.8342780470848083,0.7376073002815247,0.7370391488075256,0.7454198002815247,0.6262667179107666,0.7607249617576599,0.5382365584373474,0.7683807611465454,0.45156607031822205,0.8345319032669067,0.671561062335968,0.7975183725357056,0.6734063625335693,0.7779977321624756,0.6853891015052795,0.7628332376480103,0.695905327796936,0.8637547492980957,0.7430036664009094,0.772700309753418,0.7702640891075134,0.7272604703903198,0.7854067087173462,0.69554203748703,0.8017424941062927,0.872387170791626,0.8183892369270325,0.7819719910621643,0.8474239110946655,0.7390440702438354,0.8547307252883911,0.7101525664329529,0.8630775213241577,0.868830680847168,0.8850885629653931,0.8039082288742065,0.9040154218673706,0.7616499662399292,0.9095644950866699,0.7356297969818115,0.9151228666305542
Point,0.7813788056373596,0.8359470367431641,0.7512015700340271,0.7417963147163391,0.7485806941986084,0.628576934337616,0.7575139403343201,0.5443121790885925,0.769227147102356,0.4554913341999054,0.8305301070213318,0.6875230073928833,0.739179790019989,0.7035923600196838,0.7345957159996033,0.7104290723800659,0.7548940181732178,0.7070597410202026,0.8540521860122681,0.7671513557434082,0.7070894837379456,0.8072285652160645,0.7131921648979187,0.7906202077865601,0.7400332689285278,0.7764064073562622,0.8561573028564453,0.8432846665382385,0.717583954334259,0.8747173547744751,0.7271058559417725,0.8554350137710571,0.756506085395813,0.8425248265266418,0.8494632244110107,0.9066264629364014,0.742681622505188,0.925302267074585,0.7443135380744934,0.9142718315124512,0.7728062272071838,0.9053739309310913
Point,0.6788495779037476,0.8652003407478333,0.630766749382019,0.7690865397453308,0.5719585418701172,0.65765780210495,0.5494391322135925,0.5599271059036255,0.5416649580001831,0.4748462438583374,0.5836994647979736,0.7011526823043823,0.5280312299728394,0.6836498379707336,0.4847148656845093,0.6751285195350647,0.45025503635406494,0.6716662049293518,0.5891580581665039,0.7754073143005371,0.4634748697280884,0.8107811212539673,0.47208690643310547,0.8138142228126526,0.5053965449333191,0.8118174076080322,0.5956711173057556,0.8530277013778687,0.4738047122955322,0.8925572037696838,0.49622952938079834,0.8836612701416016,0.5351420044898987,0.8687000274658203,0.6008282899856567,0.9205363392829895,0.5118050575256348,0.948601245880127,0.5304368734359741,0.9361991286277771,0.5630477070808411,0.9198735952377319
Point,0.7437982559204102,0.8275576829910278,0.6820684671401978,0.714386522769928,0.636303186416626,0.6000503301620483,0.6177564263343811,0.5170734524726868,0.6148830056190491,0.44570374488830566,0.6637820601463318,0.579545259475708,0.6365920901298523,0.550399124622345,0.6100070476531982,0.5181663036346436,0.5857446193695068,0.4829278588294983,0.6872303485870361,0.6283572912216187,0.5910130143165588,0.6691025495529175,0.556506872177124,0.6913013458251953,0.5387881398200989,0.7001959681510925,0.6987491250038147,0.699061393737793,0.5925183892250061,0.749392569065094,0.5704759359359741,0.757034182548523,0.5671968460083008,0.7505732774734497,0.7030046582221985,0.772354781627655,0.6161795854568481,0.8058347105979919,0.5979692339897156,0.8059210181236267,0.5977234840393066,0.7993422746658325
Point,0.6273108720779419,0.7491716146469116,0.5870890617370605,0.652530312538147,0.5362990498542786,0.5490877628326416,0.5152295231819153,0.45653092861175537,0.5119156837463379,0.37044984102249146,0.5419196486473083,0.5742112398147583,0.48455920815467834,0.5435211658477783,0.43666988611221313,0.5214840769767761,0.4008781909942627,0.5012824535369873,0.5440166592597961,0.6412407159805298,0.4145697355270386,0.6888457536697388,0.4183763563632965,0.7083275318145752,0.45118117332458496,0.7124446630477905,0.5482276678085327,0.7190354466438293,0.4270045757293701,0.7716678380966187,0.4436672329902649,0.7738614678382874,0.4827839136123657,0.7612025141716003,0.5534341931343079,0.7875956296920776,0.46471211314201355,0.8212429285049438,0.48097336292266846,0.8177346587181091,0.5133866667747498,0.8035070300102234
Point,0.6589102745056152,0.8080431222915649,0.6164371967315674,0.7158999443054199,0.5628839731216431,0.606494665145874,0.5470475554466248,0.5142166614532471,0.5459499359130859,0.4331586956977844,0.5754476189613342,0.6500410437583923,0.5194153785705566,0.6270865201950073,0.47754085063934326,0.6142581701278687,0.44615012407302856,0.6055614948272705,0.5844613313674927,0.7235721945762634,0.45919835567474365,0.7598156929016113,0.4562068283557892,0.7713606357574463,0.47992080450057983,0.7795065641403198,0.5932225584983826,0.8036462068557739,0.46912509202957153,0.8416156768798828,0.4839627742767334,0.8378385901451111,0.518857479095459,0.8285292983055115,0.5993896722793579,0.8748391270637512,0.5058616995811462,0.8984308242797852,0.5171336531639099,0.8864215612411499,0.5471517443656921,0.8713160753250122
Point,0.7354920506477356,0.852644681930542,0.6720181107521057,0.7706902623176575,0.6283696293830872,0.7146217823028564,0.5994841456413269,0.7122588157653809,0.5797321796417236,0.7322458624839783,0.6965068578720093,0.6301539540290833,0.681484580039978,0.5849459171295166,0.6662548780441284,0.5463036298751831,0.6499375700950623,0.5050933361053467,0.7322521805763245,0.6830314993858337,0.6417661905288696,0.710564911365509,0.593267560005188,0.7321404814720154,0.5703489184379578,0.7345631122589111,0.7489544749259949,0.7601591944694519,0.643284797668457,0.7978468537330627,0.6109046936035156,0.8071322441101074,0.6046941876411438,0.7968893051147461,0.7521710991859436,0.835467517375946,0.6662796139717102,0.8574866056442261,0.6400761604309082,0.8560206890106201,0.6367287635803223,0.839516818523407
Point,0.28157150745391846,0.9867895245552063,0.337721586227417,0.7996059656143188,0.3659454584121704,0.6338329911231995,0.35018736124038696,0.5102382898330688,0.3146398663520813,0.42148444056510925,0.30341678857803345,0.6640077829360962,0.33178332448005676,0.6316186189651489,0.3548072278499603,0.5877724289894104,0.38255977630615234,0.5456732511520386,0.27608418464660645,0.7367774248123169,0.42058390378952026,0.7760797739028931,0.45134565234184265,0.7850607633590698,0.4655393660068512,0.7850246429443359,0.26984086632728577,0.8205855488777161,0.4203600287437439,0.8561282753944397,0.4321421980857849,0.8459869623184204,0.4275830090045929,0.8386209607124329,0.27849119901657104,0.9063987135887146,0.39877769351005554,0.9235028624534607,0.4123016595840454,0.9068975448608398,0.40372052788734436,0.8892018795013428
Point,0.41498228907585144,0.8211596012115479,0.43635454773902893,0.7266555428504944,0.4116690158843994,0.6038382649421692,0.3879716098308563,0.5047980546951294,0.3582218885421753,0.4326929748058319,0.3501227796077728,0.6795231103897095,0.39210623502731323,0.6804937720298767,0.3842141032218933,0.6419005393981934,0.3725654184818268,0.6044743061065674,0.30577751994132996,0.763543426990509,0.4774685502052307,0.7958914637565613,0.4506799578666687,0.7647173404693604,0.40513962507247925,0.7495242953300476,0.3044606149196625,0.8451379537582397,0.4681563079357147,0.8728963136672974,0.4440986216068268,0.849812388420105,0.39993223547935486,0.8298040628433228,0.31891247630119324,0.9178266525268555,0.44726598262786865,0.9344266653060913,0.43232956528663635,0.9132270216941833,0.38933855295181274,0.8917782306671143
Point,0.42149433493614197,0.8461623191833496,0.45531609654426575,0.7640780210494995,0.4746363162994385,0.6568658351898193,0.4975830912590027,0.5616858005523682,0.49046915769577026,0.48957517743110657,0.37904223799705505,0.6819801330566406,0.43010568618774414,0.6659958362579346,0.4547725021839142,0.6271442770957947,0.4793088436126709,0.5925407409667969,0.3459117114543915,0.7605652213096619,0.5132790803909302,0.7908112406730652,0.5041333436965942,0.7839804291725159,0.4724656045436859,0.7779686450958252,0.3436841368675232,0.843927264213562,0.5103375911712646,0.8731515407562256,0.4875747263431549,0.8661739826202393,0.4483641982078552,0.8550357818603516,0.3510833978652954,0.9233465790748596,0.48321643471717834,0.9409432411193848,0.46981436014175415,0.9308294057846069,0.43012067675590515,0.9198618531227112
Point,0.33736008405685425,0.918418824672699,0.38003769516944885,0.8169109225273132,0.4400716722011566,0.6886420249938965,0.4539775550365448,0.5861712694168091,0.4401295483112335,0.49477484822273254,0.42720359563827515,0.7185196876525879,0.5081206560134888,0.6842342615127563,0.5626043677330017,0.6657805442810059,0.6110395789146423,0.6561879515647888,0.41480302810668945,0.7985225915908813,0.5778681635856628,0.8176267147064209,0.5506176948547363,0.8266202211380005,0.49697014689445496,0.8287273049354553,0.4162876307964325,0.8856224417686462,0.5652104616165161,0.8953371644020081,0.535751223564148,0.8943520784378052,0.48676154017448425,0.8906213045120239,0.42262962460517883,0.9651906490325928,0.540522575378418,0.9625416994094849,0.5135610699653625,0.9531778693199158,0.4660697877407074,0.9450628161430359
Point,0.3108789622783661,0.9739078879356384,0.336916446685791,0.8654210567474365,0.32168856263160706,0.7329515814781189,0.3066363036632538,0.621658444404602,0.2868323028087616,0.5247589349746704,0.2258550375699997,0.7969688177108765,0.2758675515651703,0.791080117225647,0.29939860105514526,0.7759986519813538,0.3184787631034851,0.7677382230758667,0.19318240880966187,0.8909292221069336,0.33336877822875977,0.9081898331642151,0.37058162689208984,0.9008039236068726,0.38904112577438354,0.9054767489433289,0.19035369157791138,0.9810377359390259,0.32295408844947815,0.9979299902915955,0.35287266969680786,0.9957823157310486,0.3607858419418335,1.000584602355957,0.2023332118988037,1.064402461051941,0.30104440450668335,1.075323224067688,0.3249218165874481,1.0799672603607178,0.3242999315261841,1.0903935432434082
Point,0.5777379274368286,0.6337727308273315,0.5538654327392578,0.5491544008255005,0.5473862886428833,0.4113905131816864,0.5396015644073486,0.3094167113304138,0.5342623591423035,0.2132171392440796,0.6217296123504639,0.47287237644195557,0.5881519913673401,0.47303307056427,0.5738300681114197,0.4500635862350464,0.5466752648353577,0.4454362392425537,0.6703512668609619,0.5485223531723022,0.5088439583778381,0.6243540048599243,0.520189106464386,0.5846046805381775,0.5320536494255066,0.5635612607002258,0.6828919649124146,0.6423550844192505,0.5210620164871216,0.7143852114677429,0.5412827730178833,0.6804767847061157,0.568993866443634,0.6628531813621521,0.6805112361907959,0.7261616587638855,0.5528515577316284,0.7805559039115906,0.5648335218429565,0.7657853364944458,0.6017903685569763,0.7562541961669922
Point,0.5867034792900085,0.6520835757255554,0.5587360262870789,0.561772346496582,0.5520097017288208,0.42911502718925476,0.5440252423286438,0.3303738236427307,0.5378782749176025,0.2301878035068512,0.6319547891616821,0.4870402216911316,0.603763222694397,0.4932572841644287,0.5872526168823242,0.474856436252594,0.554853618144989,0.4765207767486572,0.682155966758728,0.5705372095108032,0.5221682190895081,0.653780996799469,0.5245053768157959,0.613766610622406,0.5324603319168091,0.5911321640014648,0.6924281120300293,0.6698043942451477,0.5296371579170227,0.7465257048606873,0.5416179299354553,0.7112947702407837,0.5657783150672913,0.6941919922828674,0.6858060956001282,0.755877673625946,0.5539487600326538,0.8186048269271851,0.5606492757797241,0.8069363236427307,0.5964524745941162,0.8008266687393188
Point,0.5736885666847229,0.6432956457138062,0.5571409463882446,0.5457115769386292,0.553180456161499,0.4067493677139282,0.5429863333702087,0.30285537242889404,0.538552463054657,0.20194295048713684,0.6334924101829529,0.4700840413570404,0.5962718725204468,0.4725678265094757,0.567787766456604,0.4541621208190918,0.5351162552833557,0.450016587972641,0.6779232025146484,0.5491287112236023,0.5209544897079468,0.6243109107017517,0.5143253207206726,0.5898993611335754,0.5165243744850159,0.5719247460365295,0.6899584531784058,0.6436527371406555,0.530009388923645,0.7109565138816833,0.5395254492759705,0.6764692068099976,0.562100350856781,0.656221330165863,0.6860108971595764,0.7283462285995483,0.5614923238754272,0.7717394828796387,0.5658214092254639,0.7522022724151611,0.5972023010253906,0.7357080578804016
Point,0.5658535957336426,0.6405160427093506,0.54726243019104,0.54160076379776,0.5396783947944641,0.3986731767654419,0.5299808382987976,0.2887130677700043,0.5344454050064087,0.18827104568481445,0.6210644841194153,0.45153671503067017,0.5565647482872009,0.4489120543003082,0.517659068107605,0.42921826243400574,0.4783933162689209,0.42062515020370483,0.6642955541610718,0.5299118161201477,0.4903671145439148,0.6067365407943726,0.49558714032173157,0.5769911408424377,0.5118516087532043,0.5580799579620361,0.67692631483078,0.6264767646789551,0.5055694580078125,0.7000293731689453,0.5200623273849487,0.6747120022773743,0.5510563850402832,0.657287061214447,0.6738077998161316,0.7151892781257629,0.5399481654167175,0.7697135210037231,0.5474835634231567,0.7630144953727722,0.5857444405555725,0.754318118095398
Point,0.48628804087638855,0.7732192873954773,0.5187779068946838,0.7015465497970581,0.581228494644165,0.6086506843566895,0.6182985901832581,0.5310185551643372,0.6321182250976562,0.4570397138595581,0.5791040062904358,0.6497707962989807,0.6522257924079895,0.6274220943450928,0.693972110748291,0.6025645732879639,0.727277398109436,0.5830051898956299,0.569579541683197,0.7116038799285889,0.6952325105667114,0.7292013168334961,0.6908904314041138,0.7252525687217712,0.6608834266662598,0.7191575765609741,0.564714252948761,0.7768688797950745,0.6773437261581421,0.7859132885932922,0.6540786027908325,0.7775118947029114,0.6148726344108582,0.7705952525138855,0.5624428987503052,0.8372927904129028,0.650699257850647,0.8379337787628174,0.6282820105552673,0.8271295428276062,0.5929415225982666,0.8191291689872742
Point,0.46092307567596436,0.787105143070221,0.49483612179756165,0.709389865398407,0.5544331073760986,0.6114487051963806,0.5858331918716431,0.5287808775901794,0.5929301977157593,0.4495789110660553,0.5627804398536682,0.653709888458252,0.6402841806411743,0.6348581314086914,0.6803165674209595,0.6144082546234131,0.7045172452926636,0.5995140075683594,0.5552464723587036,0.722153902053833,0.6817426681518555,0.7436964511871338,0.6853041052818298,0.7382419109344482,0.6604916453361511,0.7298241257667542,0.5500301122665405,0.7904889583587646,0.663860023021698,0.8068161606788635,0.6428724527359009,0.7962188720703125,0.6050329208374023,0.7840664982795715,0.5463511943817139,0.8545191287994385,0.6363236308097839,0.8613978624343872,0.6140086650848389,0.8510462045669556,0.5787439346313477,0.8402719497680664
Point,0.4549776315689087,0.7872199416160583,0.4870852530002594,0.7098654508590698,0.548295795917511,0.612566351890564,0.58014976978302,0.5296130776405334,0.5865910649299622,0.4496508538722992,0.5535111427307129,0.6463608145713806,0.6354889273643494,0.6312527656555176,0.6760532855987549,0.6220169067382812,0.7006893157958984,0.6192812323570251,0.5440205931663513,0.7146726846694946,0.6752194166183472,0.742201566696167,0.6829361915588379,0.7391542196273804,0.6600409746170044,0.7304121255874634,0.5388073325157166,0.7856367826461792,0.6583805680274963,0.8055094480514526,0.6370762586593628,0.7960227131843567,0.5967514514923096,0.7816286087036133,0.5362589359283447,0.8517622351646423,0.630363404750824,0.8607696294784546,0.6087245941162109,0.8515080213546753,0.5719435214996338,0.8394565582275391
Point,0.4446345269680023,0.7915341854095459,0.4759281873703003,0.7140600681304932,0.5375171899795532,0.6151354908943176,0.5673491358757019,0.5313838720321655,0.5737225413322449,0.45501580834388733,0.5361521244049072,0.6517696976661682,0.6144641637802124,0.6395801305770874,0.6423695087432861,0.6156021356582642,0.651892900466919,0.5976759195327759,0.5264554619789124,0.7183248400688171,0.6588559150695801,0.7443435788154602,0.648935854434967,0.7335123419761658,0.6084846258163452,0.7218273282051086,0.5233017802238464,0.786086916923523,0.6451361179351807,0.8045661449432373,0.6224671602249146,0.7939309477806091,0.5816540718078613,0.7829912900924683,0.5228281617164612,0.8497629165649414,0.6189149618148804,0.8595750331878662,0.597900390625,0.8498197197914124,0.5600730180740356,0.8397247791290283
Point,0.42697060108184814,0.7639651298522949,0.4640825092792511,0.6945120692253113,0.5254759192466736,0.6057097911834717,0.5560229420661926,0.52864670753479,0.5661716461181641,0.45380258560180664,0.5245859026908875,0.6415103673934937,0.6038498878479004,0.631790041923523,0.6230628490447998,0.6125155091285706,0.6218161582946777,0.5961285829544067,0.5113674402236938,0.7024604678153992,0.6395664215087891,0.7349742650985718,0.6236572265625,0.7247396111488342,0.5812311172485352,0.7115567922592163,0.5039680004119873,0.7657393217086792,0.6217248439788818,0.7880091667175293,0.5968024730682373,0.7771320939064026,0.5571427941322327,0.7677106261253357,0.4990564286708832,0.8258867859840393,0.5926539301872253,0.8364142179489136,0.5718531012535095,0.8243016004562378,0.535682737827301,0.8143794536590576
Point,0.4276885390281677,0.7568851709365845,0.46416211128234863,0.6845930218696594,0.525274932384491,0.5950913429260254,0.5570288896560669,0.5175403356552124,0.5684331059455872,0.4431208670139313,0.5212410688400269,0.6333293318748474,0.588494062423706,0.6166673898696899,0.6213826537132263,0.586591362953186,0.6434586048126221,0.5579566955566406,0.509522557258606,0.6915369033813477,0.6402246356010437,0.7159108519554138,0.6260419487953186,0.7106711268424988,0.5851350426673889,0.7031471133232117,0.5040464401245117,0.7553330063819885,0.6240361928939819,0.7712885141372681,0.6007217764854431,0.761917769908905,0.5602785348892212,0.7553576827049255,0.5013548731803894,0.8150231242179871,0.5964332818984985,0.821284294128418,0.5771353840827942,0.8073336482048035,0.5395883917808533,0.7975068688392639
Point,0.5143627524375916,0.7846333980560303,0.49774181842803955,0.7148739099502563,0.48685112595558167,0.6111981868743896,0.48139718174934387,0.5282167792320251,0.4922945201396942,0.4418557584285736,0.5803865194320679,0.6562154293060303,0.5407366156578064,0.6668068170547485,0.5466000437736511,0.6401435136795044,0.5517018437385559,0.6174806356430054,0.6081670522689819,0.7303264141082764,0.4732630252838135,0.784308910369873,0.4744487404823303,0.7499716877937317,0.5026800036430359,0.7210007905960083,0.6054237484931946,0.8103947043418884,0.474957138299942,0.8563071489334106,0.48599961400032043,0.8227946758270264,0.5179178714752197,0.7982898354530334,0.5915051102638245,0.8816718459129333,0.48901236057281494,0.9149065017700195,0.49290329217910767,0.8876855373382568,0.5242134928703308,0.8641750812530518
Point,0.5023631453514099,0.7842050790786743,0.48505228757858276,0.7112550139427185,0.47941818833351135,0.6053602695465088,0.47950127720832825,0.5279271602630615,0.4905870854854584,0.4508039653301239,0.5709558129310608,0.6453543901443481,0.5867961049079895,0.6446843147277832,0.6041537523269653,0.6298456192016602,0.6067098379135132,0.6313811540603638,0.6100744009017944,0.7096841931343079,0.4841694235801697,0.7842988967895508,0.49050652980804443,0.7524257898330688,0.5092712640762329,0.7291803359985352,0.6096047759056091,0.7911878824234009,0.4824305474758148,0.8543640971183777,0.4972204267978668,0.8211103677749634,0.5227001905441284,0.8014765381813049,0.5979267358779907,0.8666841983795166,0.4988357424736023,0.9082884788513184,0.5043290853500366,0.8828879594802856,0.5310609340667725,0.8631072640419006
Point,0.6188152432441711,0.8026396036148071,0.5685378909111023,0.7043984532356262,0.5143992900848389,0.5902571082115173,0.4954771399497986,0.49574989080429077,0.5053920149803162,0.41760915517807007,0.5703921318054199,0.6409902572631836,0.4960082769393921,0.6121461391448975,0.44861888885498047,0.5862800478935242,0.41199174523353577,0.5781510472297668,0.5725035667419434,0.7178655862808228,0.42259037494659424,0.7100749611854553,0.42968159914016724,0.7004160284996033,0.4653085470199585,0.7041142582893372,0.5661326050758362,0.7962133884429932,0.4200109541416168,0.7776165008544922,0.4358825385570526,0.7653610110282898,0.47702011466026306,0.7672594785690308,0.5499563813209534,0.8638551235198975,0.4340885579586029,0.8360750675201416,0.44748154282569885,0.8205775022506714,0.48323869705200195,0.8217445611953735
Point,0.4834364652633667,0.7768301963806152,0.4649578630924225,0.6987197995185852,0.46719592809677124,0.5827414989471436,0.47710081934928894,0.49973762035369873,0.4864755868911743,0.4344354271888733,0.5095179080963135,0.6470486521720886,0.5733441114425659,0.6235281229019165,0.6275043487548828,0.5877472162246704,0.6678503155708313,0.5689326524734497,0.5499889254570007,0.7338406443595886,0.568719208240509,0.7346397638320923,0.5841309428215027,0.6759839057922363,0.5717418193817139,0.6514852046966553,0.5698537826538086,0.8080079555511475,0.588178813457489,0.7971459031105042,0.6009460687637329,0.7381687164306641,0.5907225012779236,0.7118022441864014,0.5874647498130798,0.8683600425720215,0.615990400314331,0.8319249153137207,0.6175993084907532,0.786336362361908,0.6098918914794922,0.7622764706611633
Point,0.5042343735694885,0.7453721165657043,0.4878206253051758,0.6671239733695984,0.4927789568901062,0.5635887384414673,0.5017909407615662,0.4810386300086975,0.5126360058784485,0.40816980600357056,0.6089380979537964,0.5790870189666748,0.6596541404724121,0.5642198920249939,0.6992260217666626,0.5510625243186951,0.7375506162643433,0.5449707508087158,0.6551017761230469,0.6359923481941223,0.591781735420227,0.7049710154533386,0.5380610227584839,0.709001362323761,0.5182732939720154,0.7078271508216858,0.6630731225013733,0.7085866928100586,0.5757455825805664,0.7792123556137085,0.5315746068954468,0.7630553841590881,0.5254245400428772,0.7444674372673035,0.6552976369857788,0.7815386056900024,0.585519015789032,0.8280977010726929,0.5451448559761047,0.8062260150909424,0.5360012650489807,0.7786762118339539
Point,0.29183587431907654,0.9362871646881104,0.33355051279067993,0.8320373892784119,0.4087882339954376,0.7192673683166504,0.46364423632621765,0.6369273066520691,0.492622971534729,0.5482404232025146,0.4272034466266632,0.7440869808197021,0.5453873872756958,0.7089666128158569,0.616466760635376,0.6865139007568359,0.6680841445922852,0.6670866012573242,0.4233555197715759,0.8236826062202454,0.5625459551811218,0.8628571629524231,0.598859965801239,0.8795846104621887,0.6156781911849976,0.8747460246086121,0.4165799021720886,0.9064762592315674,0.5397961139678955,0.949005126953125,0.5541425347328186,0.9453475475311279,0.5444017648696899,0.9324565529823303,0.4104689955711365,0.9828729629516602,0.4990614354610443,1.0077521800994873,0.4999406039714813,1.0043609142303467,0.48730894923210144,0.9948921799659729
Point,0.23366838693618774,0.8554043173789978,0.26461082696914673,0.7549294233322144,0.34583979845046997,0.6228554844856262,0.4049389660358429,0.5219946503639221,0.4125448763370514,0.4195312261581421,0.3638197183609009,0.6345841884613037,0.5007873773574829,0.613815188407898,0.5779979228973389,0.6177387833595276,0.6382949352264404,0.624549388885498,0.362106055021286,0.7255966067314148,0.524603545665741,0.7535592913627625,0.4805561602115631,0.7758545875549316,0.4169420301914215,0.7730060815811157,0.3635426461696625,0.8214853405952454,0.5113442540168762,0.840640664100647,0.4672495126724243,0.8553947806358337,0.40907737612724304,0.8532904386520386,0.37063971161842346,0.9116680026054382,0.48739883303642273,0.9033873677253723,0.45732998847961426,0.9185343980789185,0.4168515205383301,0.9268788695335388
Point,0.23628577589988708,0.888953447341919,0.298993855714798,0.7805708646774292,0.38389864563941956,0.6588492393493652,0.43608275055885315,0.5522043108940125,0.44105610251426697,0.4392240643501282,0.3517104387283325,0.6476096510887146,0.4476611614227295,0.5928665399551392,0.5021907687187195,0.5503756999969482,0.546290397644043,0.5115669965744019,0.33607035875320435,0.7166081070899963,0.49420323967933655,0.7713063955307007,0.4638122618198395,0.8030534982681274,0.42214518785476685,0.7998457551002502,0.3292515277862549,0.8063338994979858,0.48440173268318176,0.8609911203384399,0.4534158706665039,0.8747337460517883,0.4094938039779663,0.8715446591377258,0.33092594146728516,0.903391420841217,0.46257323026657104,0.913278341293335,0.49883198738098145,0.9074310660362244,0.5157091021537781,0.9005334973335266
Point,0.8182030916213989,0.9408702254295349,0.760928213596344,0.8362195491790771,0.6980834603309631,0.7481918334960938,0.6503803133964539,0.7216882705688477,0.6232719421386719,0.7087507843971252,0.7270162105560303,0.6818063855171204,0.6961652040481567,0.6149797439575195,0.6973039507865906,0.553311824798584,0.7044194936752319,0.4897851347923279,0.7584882378578186,0.7240724563598633,0.6264750957489014,0.7711501121520996,0.5981358885765076,0.7992209196090698,0.597389817237854,0.8036603927612305,0.7701221108436584,0.7925795316696167,0.6342019438743591,0.8502890467643738,0.6361701488494873,0.8598443865776062,0.6643726229667664,0.848820686340332,0.7686921954154968,0.8618387579917908,0.6587439775466919,0.896198034286499,0.6644394397735596,0.9047258496284485,0.6923056840896606,0.8926258683204651
Point,0.7063296437263489,0.8435583114624023,0.6693888902664185,0.7702746987342834,0.6154282689094543,0.7324772477149963,0.5737015604972839,0.7360934019088745,0.5429485440254211,0.7476908564567566,0.6521435379981995,0.6796945333480835,0.6224406361579895,0.6464959979057312,0.6006739139556885,0.6167492270469666,0.5826212167739868,0.5841277241706848,0.672406017780304,0.7328576445579529,0.59029221534729,0.7292274236679077,0.5499162077903748,0.7237882614135742,0.5301954746246338,0.7135944366455078,0.6793280839920044,0.8057656288146973,0.5812315344810486,0.8259347677230835,0.5501238703727722,0.832450807094574,0.5477859377861023,0.8343731760978699,0.6767700910568237,0.87826007604599,0.5972936749458313,0.890932023525238,0.5738985538482666,0.8857824206352234,0.5723453164100647,0.8769034743309021
